{
  "mean": [
    4.594524760648255e-09,
    1.1920929132713809e-08,
    0.0,
    -1.2603899257612738e-08,
    1.7881394143159923e-08,
    0.7829635739326477,
    -2.8560558362755728e-08,
    -0.0336245521903038
  ],
  "std": [
    0.6053373217582703,
    0.6012773513793945,
    9.99999993922529e-09,
    0.6053373217582703,
    0.6012774109840393,
    0.3390224277973175,
    0.710243284702301,
    0.7031528353691101
  ],
  "in_dim": 8
}